<?xml version="1.0" encoding="UTF-8"?>
<acedamicregister>
  <acedamic>
    <ssn>123</ssn>
    <fname>Amal</fname>
    <lname>chandula</lname>
    <bday>05/25/1996</bday>
    <address>Hakmana</address>
    <gender>Male</gender>
    <age>23</age>
    <salary>50</salary>
    <email>chandula@gmail.com</email>
    <department>917</department>
    <qualification>chandula@gmail.com</qualification>
    <subjects>JAVA</subjects>
  </acedamic>
  <acedamic>
    <ssn>2241212</ssn>
    <fname>Amali</fname>
    <lname>Mendis</lname>
    <bday>1996-06-04</bday>
    <address>Yakkalamulla</address>
    <email>am@yahoo.com</email>
    <gender>female</gender>
    <age>23</age>
    <salary>25000</salary>
    <position>Senior Lecturer</position>
    <department>9179</department>
    <qualification/>
    <subjects/>
  </acedamic>
  <acedamic>
    <ssn>2241212</ssn>
    <fname>Amali</fname>
    <lname>Mendis</lname>
    <bday>1996-06-04</bday>
    <address>Yakkalamulla</address>
    <email>am@yahoo.com</email>
    <gender>female</gender>
    <age>23</age>
    <salary>25000</salary>
    <position>Senior Lecturer</position>
    <department>9179</department>
    <qualification/>
    <subjects/>
  </acedamic>
  <acedamic>
    <ssn>2241212</ssn>
    <fname>Amali</fname>
    <lname>Mendis</lname>
    <bday>1996-06-04</bday>
    <address>Yakkalamulla</address>
    <email>am@yahoo.com</email>
    <gender>female</gender>
    <age>23</age>
    <salary>25000</salary>
    <position>Senior Lecturer</position>
    <department>9179</department>
    <qualification>Msc</qualification>
    <subjects/>
  </acedamic>
  <acedamic>
    <ssn>2241212</ssn>
    <fname>Amali</fname>
    <lname>Mendis</lname>
    <bday>5454-05-04</bday>
    <address>Hiikkadwa</address>
    <email>am@yahoo.com</email>
    <gender>female</gender>
    <age>26</age>
    <salary>25000</salary>
    <position>Assistant Teacher</position>
    <department>0763</department>
    <qualification>Bsc</qualification>
  </acedamic>
  <acedamic>
    <ssn>234567</ssn>
    <fname>Meena</fname>
    <lname>Mendis</lname>
    <bday>0454-04-15</bday>
    <address>Yakkalamulla</address>
    <email>am@yahoo.com</email>
    <gender>female</gender>
    <age>26</age>
    <salary>25000</salary>
    <position>Senior Lecturer</position>
    <department>9179</department>
    <qualification>Msc</qualification>
  </acedamic>
  <acedamic>
    <ssn>234567</ssn>
    <fname>Meena</fname>
    <lname>Mendis</lname>
    <bday>0454-04-15</bday>
    <address>Yakkalamulla</address>
    <email>am@yahoo.com</email>
    <gender>female</gender>
    <age>26</age>
    <salary>25000</salary>
    <position>Senior Lecturer</position>
    <department>9179</department>
    <qualification>Msc</qualification>
  </acedamic>
  <acedamic>
    <ssn>234567</ssn>
    <fname>Meena</fname>
    <lname>Mendis</lname>
    <bday>0454-04-15</bday>
    <address>Yakkalamulla</address>
    <email>am@yahoo.com</email>
    <gender>female</gender>
    <age>26</age>
    <salary>25000</salary>
    <position>Senior Lecturer</position>
    <department>7744</department>
    <qualification>Msc</qualification>
  </acedamic>
  <acedamic>
    <ssn>234567</ssn>
    <fname>Meena</fname>
    <lname>Mendis</lname>
    <bday>0454-04-15</bday>
    <address>Yakkalamulla</address>
    <email>am@yahoo.com</email>
    <gender>female</gender>
    <age>26</age>
    <salary>25000</salary>
    <position>Senior Lecturer</position>
    <department>7744</department>
    <qualification>Msc</qualification>
  </acedamic>
  <acedamic>
    <ssn>889</ssn>
    <fname>Amali</fname>
    <lname>Kumari</lname>
    <bday>0656-06-05</bday>
    <address>Matara</address>
    <email>am123@yahoo.com</email>
    <gender>female</gender>
    <age>26</age>
    <salary>10000</salary>
    <position>Senior Lecturer</position>
    <department>9179</department>
    <qualification>Msc</qualification>
  </acedamic>
  <acedamic>
    <ssn>889</ssn>
    <fname>Amali</fname>
    <lname>Kumari</lname>
    <bday>0656-06-05</bday>
    <address>Matara</address>
    <email>am123@yahoo.com</email>
    <gender>female</gender>
    <age>26</age>
    <salary>10000</salary>
    <position>Senior Lecturer</position>
    <department>9179</department>
    <qualification>Msc</qualification>
  </acedamic>
  <acedamic>
    <ssn>234567</ssn>
    <fname>Meena</fname>
    <lname>Mendis</lname>
    <bday>0454-04-15</bday>
    <address>Yakkalamulla</address>
    <email>am@yahoo.com</email>
    <gender>female</gender>
    <age>26</age>
    <salary>25000</salary>
    <position>Senior Lecturer</position>
    <department>7744</department>
    <qualification>Msc</qualification>
  </acedamic>
  <acedamic>
    <ssn>5636</ssn>
    <fname>Amali</fname>
    <lname>Mendis</lname>
    <bday>1212-04-05</bday>
    <address>Hiikkadwa</address>
    <email>am@yahoo.com</email>
    <gender>female</gender>
    <age>23</age>
    <salary>10000</salary>
    <position>Senior Lecturer</position>
    <department>123</department>
    <qualification>Msc</qualification>
  </acedamic>
  <acedamic>
    <ssn>5636</ssn>
    <fname>Amali</fname>
    <lname>Mendis</lname>
    <bday>1212-04-05</bday>
    <address>Hiikkadwa</address>
    <email>am@yahoo.com</email>
    <gender>female</gender>
    <age>23</age>
    <salary>10000</salary>
    <position>Senior Lecturer</position>
    <department>123</department>
    <qualification>Msc</qualification>
  </acedamic>
  <acedamic>
    <ssn>56365445</ssn>
    <fname>Amali</fname>
    <lname>Mendis</lname>
    <bday>1212-04-05</bday>
    <address>Hiikkadwa</address>
    <email>am@yahoo.com</email>
    <gender>female</gender>
    <age>23</age>
    <salary>10000</salary>
    <position>Senior Lecturer</position>
    <department>123</department>
    <qualification>Msc</qualification>
  </acedamic>
  <acedamic>
    <ssn>5636</ssn>
    <fname>Amali</fname>
    <lname>Mendis</lname>
    <bday>1212-04-05</bday>
    <address>Hiikkadwa</address>
    <email>am@yahoo.com</email>
    <gender>female</gender>
    <age>23</age>
    <salary>10000</salary>
    <position>Senior Lecturer</position>
    <department>123</department>
    <qualification>Msc</qualification>
  </acedamic>
  <acedamic>
    <ssn>5636446</ssn>
    <fname>Amali</fname>
    <lname>Mendis</lname>
    <bday>1212-04-05</bday>
    <address>Hiikkadwa</address>
    <email>am@yahoo.com</email>
    <gender>female</gender>
    <age>23</age>
    <salary>10000</salary>
    <position>Senior Lecturer</position>
    <department>123</department>
    <qualification>Msc</qualification>
  </acedamic>
  <acedamic>
    <ssn>5636446</ssn>
    <fname>Amali</fname>
    <lname>Mendis</lname>
    <bday>1212-04-05</bday>
    <address>Hiikkadwa</address>
    <email>am@yahoo.com</email>
    <gender>female</gender>
    <age>23</age>
    <salary>10000</salary>
    <position>Senior Lecturer</position>
    <department>123</department>
    <qualification>Msc</qualification>
  </acedamic>
  <acedamic>
    <ssn>56364464543</ssn>
    <fname>Amali</fname>
    <lname>Mendis</lname>
    <bday>1212-04-05</bday>
    <address>Hiikkadwa</address>
    <email>am@yahoo.com</email>
    <gender>female</gender>
    <age>23</age>
    <salary>10000</salary>
    <position>Senior Lecturer</position>
    <department>123</department>
    <qualification>Msc</qualification>
  </acedamic>
  <acedamic>
    <ssn>56364464543</ssn>
    <fname>Amali</fname>
    <lname>Mendis</lname>
    <bday>1212-04-05</bday>
    <address>Hiikkadwa</address>
    <email>am@yahoo.com</email>
    <gender>female</gender>
    <age>23</age>
    <salary>10000</salary>
    <position>Senior Lecturer</position>
    <department>123</department>
    <qualification>Msc</qualification>
  </acedamic>
  <acedamic>
    <ssn>56364</ssn>
    <fname>Amali</fname>
    <lname>Mendis</lname>
    <bday>1212-04-05</bday>
    <address>Hiikkadwa</address>
    <email>am@yahoo.com</email>
    <gender>female</gender>
    <age>23</age>
    <salary>10000</salary>
    <position>Senior Lecturer</position>
    <department>123</department>
    <qualification>Msc</qualification>
  </acedamic>
  <acedamic>
    <ssn>454</ssn>
    <fname>Amali</fname>
    <lname>Kumari</lname>
    <bday>1996-04-05</bday>
    <address>Yakkalamulla</address>
    <email>mk@hotmail.com</email>
    <gender>female</gender>
    <age>26</age>
    <salary>10000</salary>
    <position>Senior Lecturer</position>
    <department>123</department>
    <qualification>Bsc</qualification>
  </acedamic>
  <acedamic>
    <ssn>454</ssn>
    <fname>Amali</fname>
    <lname>Kumari</lname>
    <bday>1996-04-05</bday>
    <address>Yakkalamulla</address>
    <email>mk@hotmail.com</email>
    <gender>female</gender>
    <age>26</age>
    <salary>10000</salary>
    <position>Senior Lecturer</position>
    <department>123</department>
    <qualification>Bsc</qualification>
  </acedamic>
  <acedamic>
    <ssn>2241212</ssn>
    <fname>Amali</fname>
    <lname>Mendis</lname>
    <bday>1893-04-05</bday>
    <address>Matara</address>
    <email>am@yahoo.com</email>
    <gender>male</gender>
    <age>26</age>
    <salary>25000</salary>
    <position>Senior Lecturer</position>
    <department>123</department>
    <qualification>Msc</qualification>
  </acedamic>
  <acedamic>
    <ssn>2241212</ssn>
    <fname>Amali</fname>
    <lname>Mendis</lname>
    <bday>1893-04-05</bday>
    <address>Matara</address>
    <email>am@yahoo.com</email>
    <gender>male</gender>
    <age>26</age>
    <salary>25000</salary>
    <position>Senior Lecturer</position>
    <department>123</department>
    <qualification>Msc</qualification>
  </acedamic>
  <acedamic>
    <ssn>56577</ssn>
    <fname>Meena</fname>
    <lname>Mendis</lname>
    <bday>1996-05-06</bday>
    <address>Yakkalamulla</address>
    <email>am@yahoo.com</email>
    <gender>male</gender>
    <age>23</age>
    <salary>25000</salary>
    <position>Senior Lecturer</position>
    <department>123</department>
    <qualification>Bsc</qualification>
  </acedamic>
  <acedamic>
    <ssn>56577</ssn>
    <fname>Meena</fname>
    <lname>Mendis</lname>
    <bday>1996-05-06</bday>
    <address>Yakkalamulla</address>
    <email>am@yahoo.com</email>
    <gender>male</gender>
    <age>23</age>
    <salary>25000</salary>
    <position>Senior Lecturer</position>
    <department>123</department>
    <qualification>Bsc</qualification>
  </acedamic>
  <acedamic>
    <ssn>212</ssn>
    <fname>kasun</fname>
    <lname>Mendis</lname>
    <bday>0019-05-05</bday>
    <address>9</address>
    <email>mk@hotmail.com</email>
    <gender>male</gender>
    <age>26</age>
    <salary>25000</salary>
    <position>Senior Lecturer</position>
    <department>123</department>
    <qualification>Msc</qualification>
  </acedamic>
  <acedamic>
    <ssn>4763</ssn>
    <fname>Chandani</fname>
    <lname>Bandara</lname>
    <bday>1980-02-03</bday>
    <address>Kandy</address>
    <email>c@liot.com</email>
    <gender>female</gender>
    <age>23</age>
    <salary>300000</salary>
    <position>Senior Lecturer</position>
    <department>123</department>
    <qualification>Msc</qualification>
  </acedamic>
  <acedamic>
    <ssn>4355</ssn>
    <fname>Kamal</fname>
    <lname>Fonseka</lname>
    <bday>1965-02-03</bday>
    <address>Gampaha</address>
    <email>kamal@liot.com</email>
    <gender>male</gender>
    <age>54</age>
    <salary>300000</salary>
    <position>Lecturer</position>
    <department>7633</department>
    <qualification>Bsc</qualification>
  </acedamic>
  <acedamic>
    <ssn>4527</ssn>
    <fname>Gamini</fname>
    <lname>Kumaratunge</lname>
    <bday>1967-02-03</bday>
    <address>Dambulla</address>
    <email>gamini@liot.com</email>
    <gender>male</gender>
    <age>54</age>
    <salary>30000</salary>
    <position>Assistant Teacher</position>
    <department>7744</department>
    <qualification>Bsc</qualification>
  </acedamic>
  <acedamic>
    <ssn>4917</ssn>
    <fname>Roshan</fname>
    <lname>Disasekarsa</lname>
    <bday>1990-02-03</bday>
    <address>Ampara</address>
    <email>roshan@liot.com</email>
    <gender>male</gender>
    <age>29</age>
    <salary>60000</salary>
    <position>Instructor</position>
    <department>7133</department>
    <qualification>Bsc</qualification>
  </acedamic>
  <acedamic>
    <ssn>4900</ssn>
    <fname>Bathiya</fname>
    <lname>Santhush</lname>
    <bday>1992-02-03</bday>
    <address>Hamabanthota</address>
    <email>bns@liot.com</email>
    <gender>male</gender>
    <age>27</age>
    <salary>500000</salary>
    <position>Senior Lecturer</position>
    <department>7633</department>
    <qualification>Phd</qualification>
  </acedamic>
  <acedamic>
    <ssn>4005</ssn>
    <fname>Kamal</fname>
    <lname>Kumari</lname>
    <bday>1990-03-04</bday>
    <address>Hiikkadwa</address>
    <email>am@yahoo.com</email>
    <gender>male</gender>
    <age>49</age>
    <salary>30000</salary>
    <position>Senior Lecturer</position>
    <department>123</department>
    <qualification>Bsc</qualification>
  </acedamic>
</acedamicregister>
