<?xml version="1.0" encoding="UTF-8"?>
<studentregister>
  <student>
    <ssn>123</ssn>
    <fname>devin</fname>
    <lname>chandula</lname>
    <address>Hakmana</address>
    <email>devinchandula@gmail.com</email>
    <gender>Male</gender>
    <bday>05/25/1996</bday>
    <age>23</age>
    <paymethod>cash</paymethod>
    <timeperiod>05/25/2026</timeperiod>
    <dcode>123</dcode>
  </student>
  <student>
    <ssn>452424</ssn>
    <fname>Kasun</fname>
    <lname>Silva</lname>
    <address>Jaffna</address>
    <email>k@email.com</email>
    <gender>male</gender>
    <bday>1995-02-05</bday>
    <age>24</age>
    <paymethod>cash</paymethod>
    <timeperiod>2021-02-05</timeperiod>
    <dcode>456</dcode>
  </student>
  <student>
    <ssn>3763</ssn>
    <fname>Devin</fname>
    <lname>Chandula</lname>
    <address>Galle</address>
    <email>devin123@liot.com</email>
    <gender>male</gender>
    <bday>1996-02-05</bday>
    <age>23</age>
    <paymethod>credit</paymethod>
    <timeperiod>2020-03-03</timeperiod>
    <dcode>123</dcode>
  </student>
  <student>
    <ssn>3355</ssn>
    <fname>Dinithi</fname>
    <lname>Waduge</lname>
    <address>Matara</address>
    <email>dw@liot.com</email>
    <gender>female</gender>
    <bday>1996-03-05</bday>
    <age>23</age>
    <paymethod>cash</paymethod>
    <timeperiod>2020-04-03</timeperiod>
    <dcode>456</dcode>
  </student>
  <student>
    <ssn>3527</ssn>
    <fname>Kasun</fname>
    <lname>Perera</lname>
    <address>Colombo</address>
    <email>kasun@liot.com</email>
    <gender>female</gender>
    <bday>1997-03-05</bday>
    <age>22</age>
    <paymethod>credit</paymethod>
    <timeperiod>2021-04-03</timeperiod>
    <dcode>789</dcode>
  </student>
  <student>
    <ssn>3917</ssn>
    <fname>Meena</fname>
    <lname>Kumari</lname>
    <address>Jaffna</address>
    <email>meena@liot.com</email>
    <gender>female</gender>
    <bday>2000-03-05</bday>
    <age>19</age>
    <paymethod>cash</paymethod>
    <timeperiod>2019-04-03</timeperiod>
    <dcode>147</dcode>
  </student>
  <student>
    <ssn>3900</ssn>
    <fname>Amal</fname>
    <lname>Mendis</lname>
    <address>Nuwara Eliya</address>
    <email>amal@liot.com</email>
    <gender>male</gender>
    <bday>1990-03-05</bday>
    <age>29</age>
    <paymethod>credit</paymethod>
    <timeperiod>2019-12-03</timeperiod>
    <dcode>258</dcode>
  </student>
</studentregister>
